Codigo Parcelamento;Id Divida
0235985;164113639
0236048;164113640
0236055;162600653
0236056;164113641
0236059;164113642
0236081;164113643
0236084;164113644
0236096;164113645
0236103;164113646
0236125;164113647
0236131;164113648
0236139;164113649
0236144;162600742
0236145;164113650
0236153;164113651
0236154;164113652
0236193;164113653
0236205;164113654
0236211;164113655
0236218;164113656
0236245;164113657
0236275;164113658
0236301;164113739
0236355;164113740
0236375;164113741
0236414;164113742
0236433;164113743
0236495;164113744
0236500;162600898
0236585;164113745
0236589;164113746
0236617;164113747
0236618;163845789
0236625;164113748
0236627;164113749
0236638;164113750
0236655;164113751
0236657;164113752
0236669;164113753
0236681;164113754
0236685;164113755
0236688;164113756
0236691;162601017
0236707;164113757
0236732;164113758
0236758;164113819
0236767;164113820
0236777;164113821
0236820;164113822
0236854;164113823
0236862;164113824
0236865;164113825
0236887;164113826
0236926;162601320
0236988;164113827
0237034;164113828
0237035;162601331
0237036;164113829
0237037;164113830
0237098;164113831
0237153;164113832
0237179;164113833
0237187;164113834
0237198;164113835
0237203;164113836
0237210;164113837
0237223;164113838
0237232;164113979
0237259;164113980
0237287;164113981
0237289;164113982
0237293;164113983
0237294;164113984
0237315;164113985
0237317;164113986
0237328;164113987
0237345;162601661
0237353;162601662
0237361;162601663
0237363;164113988
0237370;162601664
0237374;163994719
0237431;163994720
0237438;163994721
0237443;163994722
0237463;163994723
0237465;163994724
0237468;163994725
0237534;163994726
0237542;163994727
0237599;163994728
0237605;163994729
0237606;163994730
0237611;163994731
0237630;163994732
0237661;163994733
0237667;163994734
0237672;163994735
0237691;163994736
0237692;163994737
0237708;163994738
0237746;163994819
0237757;163994820
0237764;163994821
0237795;162601965
0237811;163994822
0237818;163994823
0237820;163994824
0237827;163994825
0237866;163994826
0237873;163994827
0237883;163994828
0237890;163994829
0237899;163994830
0237905;163994831
0237908;163994832
0237910;163994833
0237912;163994834
0237913;163994835
0237914;162601977
0237923;163994836
0237927;163994837
0237955;163994838
0237959;163994939
0237960;163994940
0237962;163994941
0237986;163994942
0238003;163994943
0238012;163994944
0238023;162602108
0238024;163994945
0238033;163994946
0238050;163994947
0238051;163994948
0238059;163994949
0238066;162602112
0238069;163994950
0238078;163994951
0238082;162602114
0238096;163994952
0238103;163994953
0238110;163994954
0238115;163994955
0238117;163994956
0238146;163994957
0238149;163994958
0238151;163995079
0238162;163995080
0238170;163995081
0238172;163995082
0238178;163995083
0238181;163995084
0238193;163995085
0238198;162602225
0238199;163995086
0238204;163995087
0238205;163995088
0238215;163995089
0238222;163995090
0238224;163995091
0238225;163995092
0238232;163995093
0238248;163995094
0238258;163995095
0238261;163995096
0238269;163995097
0238270;163995098
0238275;163995199
0238284;163995200
0238285;163995201
0238295;162602234
0238317;162602236
0238321;163995202
0238363;163995203
0238367;163995204
0238368;162602341
0238386;163995205
0238389;163995206
0238391;163995207
0238395;163995208
0238397;163995209
0238406;162602345
0238407;163995210
0238414;162602346
0238445;163995211
0238464;163995212
0238468;163995213
0238472;163995214
0238480;163995215
0238490;162602354
0238505;163995216
0238519;163995217
0238526;163995218
0238537;163995299
0238545;163995300
0238557;163995301
0238581;163995302
0238582;163995303
0238584;163995304
0238587;163995305
0238597;162602504
0238599;163995306
0238604;163995307
0238609;163995308
0238627;162602507
0238658;163995309
0238674;163995310
0238706;163995311
0238711;163995312
0238741;163995313
0238746;163995314
0238760;163995315
0238769;163995316
0238775;162602642
0238785;163995317
0238788;163995318
0238793;163995439
0238796;163995440
0238805;162602645
0238808;163995441
0238845;163995442
0238852;163995443
0238857;163995444
0238863;163995445
0238881;163995446
0238901;163995447
0238918;163995448
0238929;162602657
0238944;163995449
0238946;163995450
0238961;162474621
0238972;163995451
0238987;163995452
0239000;163995453
0239010;163967120
0239011;162474626
0239014;163995454
0239016;163995455
0239021;163995456
0239042;163995457
0239073;163995458
0239076;163995579
0239077;163995580
0239083;163995581
0239090;163995582
0239122;163995583
0239125;163995584
0239138;163995585
0239139;163995586
0239147;163995587
0239165;163995588
0239189;163995589
0239262;163995590
0239285;163995591
0239287;163995592
0239302;163995593
0239305;162474675
0239314;163995594
0239327;163995595
0239331;163995596
0239338;163995597
0239358;163995598
0239367;163995719
0239384;163967740
0239395;163995720
0239429;162474707
0239433;163995721
0239440;163995722
0239456;163995723
0239478;163995724
0239483;163995725
0239484;163995726
0239496;162474714
0239503;163995727
0239557;163995728
0239593;162474764
0239595;163995729
0239604;163995730
0239605;163995731
0239623;162474767
0239627;163995732
0239633;163995733
0239637;163995734
0239650;163995735
0239655;163995736
0239659;163995737
0239660;163995738
0239681;163995839
0239685;163995840
0239706;163995841
0239707;163995842
0239722;163995843
0239741;163995844
0239744;163995845
0239761;163995846
0239766;163995847
0239767;163995848
0239791;163995849
0239819;163968352
0239828;162474787
0239831;163995850
0239848;163995851
0239854;163995852
0239855;163995853
0239864;163995854
0239866;163995855
0239892;163995856
0239895;162474794
0239908;163995857
0239929;163995858
0239930;163995959
0239932;163995960
0239941;162474819
0239953;163995961
0239997;163995962
0240041;163995963
0240054;163995964
0240055;163995965
0240077;163995966
0240089;163995967
0240109;162474833
0240145;163995968
0240163;163995969
0240179;163995970
0240192;162474881
0240203;163995971
0240208;163995972
0240215;163995973
0240222;162474884
0240236;163995974
0240247;163995975
0240270;163995976
0240274;163995977
0240281;162474889
0240310;163995978
0240318;163996119
0240334;163996120
0240343;163996121
0240347;163996122
0240362;162474897
0240364;163996123
0240369;163996124
0240373;163996125
0240384;163996126
0240394;163996127
0240409;163996128
0240420;163996129
0240421;163996130
0240425;163996131
0240436;163996132
0240445;163996133
0240452;163996134
0240465;163996135
0240466;163967260
0240470;163996136
0240476;163996137
0240482;163996138
0240495;163996279
0240496;163996280
0240498;163996281
0240502;163996282
0240507;163996283
0240518;163996284
0240527;163996285
0240581;163996286
0240583;162474979
0240585;163996287
0240591;162474980
0240594;163967276
0240602;163996288
0240610;163996289
0240615;163996290
0240633;163996291
0240638;163996292
0240643;163996293
0240685;163996294
0240697;163967488
0240700;163996295
0240703;163996296
0240709;163996297
0240723;163959699
0240747;163959700
0240753;162474996
0240763;163959701
0240774;163959702
0240777;163959703
0240784;163959704
0240815;163959705
0240827;163959706
0240840;163959707
0240844;163959708
0240855;163959709
0240863;163959710
0240891;163959711
0240894;163959712
0240909;163959713
0240920;163959714
0240932;163959715
0240935;163959716
0240943;163959717
0240955;163959718
0240980;163959839
0240989;163959840
0241002;163959841
0241012;163959842
0241021;163959843
0241026;163959844
0241036;163959845
0241046;163959846
0241048;163959847
0241059;162475085
0241073;163959848
0241078;163959849
0241093;163959850
0241132;163959851
0241140;163959852
0241156;162475095
0241161;163959853
0241164;162475096
0241168;163959854
0241174;163959855
0241181;163959856
0241213;163959857
0241237;162475143
0241243;163959858
0241244;163959979
0241254;163959980
0241296;162475149
0241299;163959981
0241325;163959982
0241334;162475153
0241338;163959983
0241343;163959984
0241357;163959985
0241377;162475157
0241408;163959986
0241423;162475202
0241456;163959987
0241488;163959988
0241496;163959989
0241511;163959990
0241520;162475212
0241529;163959991
0241558;163959992
0241574;163959993
0241576;163959994
0241601;162475240
0241609;163959995
0241624;163959996
0241625;163959997
0241636;162475243
0241659;163959998
0241660;162475246
0241688;163960119
0241722;163960120
0241743;163960121
0241745;163960122
0241756;163960123
0241760;163960124
0241770;163960125
0241779;163960126
0241780;163960127
0241781;163960128
0241809;163960129
0241858;163960130
0241886;163960131
0241893;163960132
0241899;163960133
0241900;163960134
0241909;163960135
0241948;163960136
0241952;163960137
0241960;163960138
0241989;162475298
0241996;163960259
0242004;162600940
0242006;163960260
0242016;163960261
0242017;163960262
0242024;163960263
0242025;163960264
0242038;163960265
0242040;163960266
0242053;163960267
0242054;163960268
0242060;163960269
0242080;162600948
0242102;163960270
0242140;163960271
0242141;163960272
0242149;163960273
0242172;163960274
0242176;163960275
0242213;163960276
0242215;163960277
0242227;163960278
0242229;163960379
0242231;163960380
0242240;163960381
0242254;163960382
0242268;162601066
0242272;163960383
0242275;163960384
0242282;163960385
0242296;163960386
0242345;163960387
0242352;163960388
0242364;163960389
0242365;162601076
0242373;162601077
0242381;162601078
0242386;163960390
0242402;163960391
0242404;163960392
0242413;163960393
0242418;163960394
0242432;163960395
0242454;162601225
0242455;163960396
0242460;163960397
0242468;163960398
0242476;163960539
0242477;163960540
0242486;163960541
0242490;163960542
0242495;163960543
0242498;163960544
0242500;162601230
0242501;163960545
0242542;163960546
0242549;163960547
0242550;163960548
0242556;163960549
0242565;163960550
0242592;163960551
0242616;162601421
0242624;162601422
0242626;163960552
0242638;163960553
0242643;163960554
0242648;163960555
0242650;163960556
0242655;163960557
0242656;163960558
0242657;163960639
0242660;163960640
0242676;163960641
0242678;163960642
0242679;163960643
0242692;163960644
0242705;162601430
0242716;163960645
0242724;163960646
0242742;163960647
0242751;163960648
0242769;163960649
0242770;163960650
0242772;162601437
0242775;163960651
0242776;163960652
0242778;163960653
0242793;163960654
0242800;163960655
0242804;163960656
0242814;163960657
0242823;163960658
0242824;163960739
0242828;163960740
0242848;163960741
0242850;163960742
0242856;163960743
0242857;163960744
0242863;163960745
0242873;163960746
0242877;163960747
0242886;163960748
0242895;163960749
0242912;163960750
0242914;163960751
0242920;163960752
0242921;163960753
0242922;163960754
0242923;163960755
0242941;163960756
0242943;163960757
0242944;163960758
0242946;163960899
0242952;163960900
0242965;163960901
0242969;162601596
0242974;163960902
0242978;163960903
0242980;163960904
0242986;163960905
0242992;163960906
0243000;162601760
0243001;163960907
0243019;162601761
0243020;163960908
0243035;162601763
0243038;163960909
0243046;163960910
0243049;163960911
0243054;163960912
0243065;163960913
0243071;163960914
0243082;163960915
0243085;163960916
0243088;163960917
0243099;163960918
0243101;163960999
0243108;162601770
0243113;163961000
0243129;163961001
0243151;163961002
0243156;163961003
0243171;163961004
0243180;163961005
0243186;163961006
0243189;163961007
0243200;163961008
0243201;163961009
0243218;163961010
0243226;163961011
0243240;163961012
0243242;163961013
0243246;163961014
0243248;162601904
0243249;163961015
0243250;163961016
0243272;162601907
0243293;163961017
0243295;163961018
0243308;163961139
0243309;163961140
0243310;162601911
0243317;163961141
0243328;163961142
0243332;163961143
0243343;163961144
0243352;163961145
0243356;163961146
0243373;163961147
0243380;163961148
0243385;163961149
0243400;163961150
0243427;163961151
0243434;162602002
0243454;163961152
0243462;163961153
0243468;163961154
0243469;162602005
0243471;163961155
0243487;163961156
0243499;163961157
0243505;163961158
0243526;163961319
0243527;163961320
0243532;163961321
0243553;163961322
0243555;163961323
0243572;163961324
0243595;163961325
0243596;163961326
0243598;163961327
0243623;163961328
0243674;163961329
0243681;163961330
0243682;163961331
0243683;163961332
0243694;163961333
0243703;163961334
0243704;163961335
0243714;163961336
0243728;162602150
0243731;163961337
0243750;163961338
0243751;163961519
0243789;163961520
0243799;163961521
0243804;163867239
0243809;162602158
0243810;163867240
0243812;163867241
0243815;163867242
0243827;163867243
0243829;163867244
0243830;163867245
0243831;163867246
0243835;163867247
0243836;163867248
0243839;163867249
0243883;163867250
0243903;163867251
0243906;162602288
0243910;163867252
0243911;163867253
0243913;163867254
0243988;163867255
0244018;163867256
0244020;163867257
0244054;163867258
0244065;163867339
0244089;163867340
0244108;163867341
0244138;163867342
0244139;162602431
0244162;163867343
0244171;162602435
0244186;163867344
0244192;163867345
0244253;163867346
0244272;163867347
0244276;163867348
0244292;163867349
0244306;163867350
0244356;163867351
0244369;163867352
0244375;163867353
0244385;163867354
0244416;163867355
0244429;163867356
0244460;163867357
0244467;163867358
0244471;163867499
0244475;163867500
0244529;163867501
0244573;163867502
0244584;163867503
0244585;163867504
0244607;163867505
0244628;163867506
0244638;163867507
0244711;163867508
0244735;163867509
0244741;163867510
0244760;163867511
0244764;163867512
0244783;162602875
0244784;163867513
0244786;163867514
0244828;163867515
0244877;163867516
0244889;163867517
0244907;163867518
0244917;163867599
0244918;163867600
0244929;162602969
0244933;163867601
0244952;163867602
0244967;163867603
0244975;163867604
0244986;163867605
0244995;163867606
0245016;163867607
0245025;163867608
0245030;163867609
0245031;163867610
0245039;163867611
0245043;163867612
0245046;162966441
0245047;163867613
0245068;163867614
0245070;162966444
0245073;163867615
0245077;163867616
0245111;163867617
0245120;163867618
0245129;163867699
0245134;163867700
0245138;163867701
0245140;163867702
0245177;163867703
0245193;163867704
0245201;163867705
0245203;163867706
0245211;163867707
0245218;163867708
0245224;162966579
0245232;162966580
0245235;163867709
0245239;163867710
0245256;163867711
0245290;163867712
0245306;163867713
0245309;163867714
0245310;163867715
0245324;163867716
0245329;163867717
0245338;163867718
0245363;163867839
0245366;163867840
0245383;163867841
0245395;163867842
0245396;163867843
0245397;163867844
0245422;163867845
0245427;163867846
0245452;163867847
0245457;163867848
0245460;163867849
0245464;163867850
0245480;163867851
0245490;163867852
0245514;163867853
0245521;163867854
0245522;163867855
0245537;163867856
0245539;163867857
0245543;163867858
0245546;163867959
0245553;163867960
0245565;163867961
0245567;163867962
0245581;163867963
0245582;163867964
0245589;163867965
0245601;163867966
0245606;163867967
0245607;162966717
0245616;163867968
0245622;163867969
0245653;163867970
0245655;163867971
0245665;163867972
0245671;163867973
0245675;163867974
0245681;163867975
0245682;162966865
0245699;163867976
0245704;162966867
0245718;163867977
0245722;163867978
0245729;163868119
0245730;163868120
0245734;163868121
0245743;163868122
0245744;163868123
0245751;163868124
0245752;163868125
0245755;162966872
0245756;163868126
0245761;163868127
0245763;162966873
0245767;163868128
0245773;163868129
0245774;163868130
0245786;163868131
0245792;163868132
0245796;163868133
0245799;163868134
0245810;162966878
0245822;163868135
0245823;163868136
0245829;163868137
0245853;163868138
0245855;163868239
0245864;163868240
0245868;163868241
0245893;163868242
0245896;163868243
0245912;163868244
0245916;163868245
0245925;162967009
0245929;163868246
0245933;162967010
0245951;163868247
0245952;163868248
0245954;163868249
0245966;163868250
0245973;163868251
0245987;163868252
0245988;163868253
0245999;163868254
0246007;163868255
0246014;163868256
0246025;163868257
0246043;163868258
0246063;163868359
0246069;162967103
0246070;163868360
0246073;163868361
0246074;163868362
0246075;163868363
0246081;163868364
0246088;163868365
0246089;163868366
0246096;163868367
0246100;163868368
0246104;163868369
0246108;163868370
0246110;163868371
0246119;163868372
0246120;163868373
0246123;162967109
0246129;163868374
0246131;162967110
0246139;163868375
0246142;163868376
0246155;163868377
0246166;162967113
0246171;163868378
0246172;163868499
0246174;162967114
0246184;163868500
0246185;163868501
0246186;163868502
0246187;163868503
0246190;162967116
0246192;163868504
0246215;163868505
0246218;163868506
0246220;162967219
0246221;163868507
0246222;163868508
0246236;163868509
0246248;163868510
0246253;163868511
0246255;162967222
0246262;163868512
0246272;163868513
0246276;163868514
0246284;163868515
0246299;163868516
0246300;163868517
0246310;162967228
0246313;163868518
0246322;163868699
0246327;163868700
0246333;163868701
0246336;162967230
0246349;163868702
0246350;163868703
0246353;163868704
0246356;163868705
0246367;163868706
0246369;163868707
0246394;163868708
0246396;163868709
0246404;163868710
0246413;163868711
0246424;163868712
0246433;162967340
0246435;163868713
0246441;162967341
0246453;163868714
0246459;163868715
0246463;163868716
0246469;163868717
0246481;163868718
0246482;163868799
0246488;163868800
0246489;163868801
0246509;163868802
0246530;162967350
0246531;163868803
0246534;163868804
0246539;163868805
0246571;163868806
0246580;163868807
0246631;163868808
0246632;163868809
0246643;163868810
0246644;163868811
0246650;163868812
0246655;163868813
0246666;163868814
0246674;163868815
0246684;163868816
0246687;163868817
0246694;163868818
0246703;163868939
0246749;163868940
0246755;163868941
0246765;163868942
0246775;163868943
0246778;163868944
0246781;163868945
0246782;163868946
0246787;163868947
0246796;164113479
0246799;164113480
0246800;164113481
0246807;164113482
0246819;164113483
0246834;164113484
0246841;164113485
0246854;164113486
0246855;164113487
0246869;164113488
0246927;164113489
0246949;164113490
0400003;164113491
0400004;164113492
0400025;162623964
0400026;164113493
0400027;164113494
0400030;164113495
0400031;164113496
0400032;164113497
0400033;162623965
0400038;164113498
0400039;164113519
0400041;162623966
0400042;164113520
0400045;164113521
0400046;164113522
0400047;164113523
0400048;164113524
0400049;164113525
0400060;164113526
0400061;164113527
0400062;164113528
0400064;164113529
0400066;164113530
0400067;164113531
0400071;164113532
0400072;164113533
0400074;164113534
0400079;164113535
0400080;164113536
0400087;164113537
0400088;164113538
0400090;164113559
0400091;164113560
0400095;164113561
0400096;164113562
0400110;164113563
0400112;164113564
0400113;164113565
0400114;162623973
0400115;164113566
0400117;164113567
0400118;164113568
0400119;164113569
0400120;164113570
0400121;164113571
0400125;164113572
0400128;164113573
0400137;164113574
0400139;164113575
0400140;164113576
0400141;164113577
0400142;164113578
0400143;164113579
0400154;164113580
0400155;164113581
0400156;164113582
0400157;162623977
0400158;164113583
0400159;164113584
0400160;164113585
0400161;164113586
0400162;164113587
0400166;164113588
0400167;164113589
0400168;164113590
0400169;164113591
0400171;164113592
0400173;162624059
0400174;164113593
0400175;164113594
0400176;164113595
0400177;164113596
0400178;164113597
0400180;164113598
0400182;164113619
0400184;164113620
0400185;164113621
0400187;164113622
0400189;164113623
0400190;162624061
0400191;164113624
0400200;164113625
0400201;164113626
0400205;164113627
0400206;164113628
0400207;164113629
0400209;164113630
0400210;164113631
0400219;164113632
0400220;162624063
0400221;164113633
0400233;164113634
0400239;164113635
0400241;164113636
0400242;164113637
0400244;164113638
0400245;164113659
0400246;162624065
0400248;164113660
0400249;164113661
0400250;164113662
0400253;164113663
0400254;162624066
0400255;164113664
0400256;164113665
0400258;164113666
0400259;164113667
0400269;164113668
0400270;162624068
0400278;164113669
0400281;164113670
0400291;164113671
0400293;164113672
0400324;164113673
0400327;162624073
0400328;164113674
0400331;164113675
0400333;164113676
0400335;162624074
0400341;164113677
0400342;164113678
0400345;164113719
0400346;164113720
0400347;164113721
0400348;164113722
0400352;164113723
0400355;164113724
0400356;164113725
0400364;164113726
0400366;164113727
0400367;164113728
0400368;164113729
0400369;164113730
0400371;164113731
0400372;164113732
0400376;164113733
0400382;164113734
0400386;162624159
0400389;164113735
0400391;164113736
0400392;164113737
0400393;164113738
0400411;164113799
0400412;164113800
0400414;164113801
0400415;164113802
0400422;164113803
0400423;164113804
0400424;162624163
0400425;164113805
0400426;164113806
0400428;164113807
0400429;164113808
0400430;164113809
0400433;164113810
0400438;164113811
0400439;164113812
0400441;164113813
0400443;164113814
0400445;164113815
0400448;164113816
0400449;164113817
0400450;164113818
0400453;164113839
0400455;164113840
0400456;164113841
0400459;162624166
0400460;164113842
0400462;164113843
0400463;164113844
0400464;164113845
0400468;164113846
0400475;162624168
0400476;164113847
0400477;164113848
0400478;164113849
0400479;164113850
0400482;164113851
0400483;162624169
0400485;164113852
0400486;164113853
0400487;164113854
0400493;164113855
0400500;164113856
0400506;164113857
0400508;164113858
0400509;164113919
0400511;164113920
0400513;162624172
0400515;164113921
0400516;164113922
0400518;164113923
0400519;164113924
0400523;164113925
0400524;164113926
0400525;164113927
0400526;164113928
0400527;164113929
0400528;164113930
0400529;164113931
0400534;164113932
0400538;164113933
0400544;164113934
0400545;164113935
0400546;164113936
0400549;164113937
0400550;164113938
0400551;164114019
0400552;164114020
0400553;164114021
0400554;164114022
0400555;164114023
0400564;162624177
0400568;164114024
0400569;164114025
0400573;164114026
0400574;164114027
0400575;164114028
0400576;164114029
0400577;164114030
0400578;164114031
0400583;164114032
0400584;164114033
0400585;164114034
0400587;164114035
0400588;164114036
0400592;164114037
0400593;164114038
0400594;164114099
0400599;162624320
0400600;164114100
0400601;164114101
0400603;164114102
0400604;164114103
0400605;164114104
0400606;164114105
0400613;164114106
0400616;164114107
0400617;164114108
0400620;164114109
0400622;164114110
0400633;164114111
0400635;164114112
0400647;164114113
0400657;164114114
0400658;164114115
0400660;164114116
0400664;164114117
0400674;164114118
0400676;164114159
0400690;164114160
0400691;164114161
0400692;164114162
0400694;164114163
0400695;164114164
0400698;164114165
0400704;164114166
0400705;164114167
0400708;164114168
0400709;164114169
0400710;164114170
0400711;164114171
0400712;164114172
0400713;164114173
0400715;164114174
0400717;164114175
0400718;162624332
0400719;164114176
0400720;164114177
0400721;164114178
0400722;164114239
0400723;164114240
0400724;164114241
0400725;164114242
0400726;162624333
0400727;164114243
0400742;162624335
0400752;164114244
0400759;164114245
0400770;164114246
0400775;164114247
0400785;163008459
0400788;164114248
0400789;164114249
0400791;164114250
0400793;163008460
0400794;164114251
0400797;164114252
0400799;164113679
0400800;164113680
0400801;164113681
0400802;164113682
0400803;164113683
0400804;164113684
0400805;164113685
0400806;164113686
0400807;163008461
0400808;164113687
0400809;164113688
0400810;164113689
0400811;164113690
0400812;164113691
0400813;164113692
0400814;164113693
0400815;163008462
0400816;164113694
0400817;164113695
0400818;164113696
0400819;164113697
0400820;164113698
0400821;164113699
0400822;164113700
0400823;163008463
0400824;164113701
0400827;164113702
0400828;164113703
0400829;164113704
0400835;164113705
0400836;164113706
0400837;164113707
0400841;164113708
0400842;164113709
0400845;164113710
0400850;164113711
0400852;164113712
0400853;164113713
0400854;164113714
0400855;164113715
0400856;164113716
0400857;164113717
0400860;163969414
0400861;163969415
0400877;164113718
0400881;164113759
0400882;163008469
0400887;164113760
0400888;164113761
0400889;164113762
0400897;164113763
0400898;164113764
0400899;164113765
0400902;164113766
0400903;164113767
0400915;164113768
0400920;163008473
0400925;164113769
0400926;164113770
0400928;164113771
0400932;163969568
0400934;164113772
0400948;164113773
0400951;164113774
0400952;164113775
0400960;164113776
0400961;164113777
0400962;164113778
0400966;164113859
0400971;163008478
0400980;163008599
0400981;164113860
0400982;164113861
0400983;164113862
0400986;164113863
0400990;164113864
0400991;164113865
0400993;164113866
0400994;164113867
0400997;164113868
0400999;164113869
0401000;164113870
0401001;164113871
0401002;164113872
0401004;164113873
0401012;164113874
0401013;163008602
0401014;164113875
0401015;164113876
0401023;164113877
0401025;164113878
0401027;164113939
0401029;164113940
0401030;163008604
0401031;164113941
0401032;164113942
0401033;164113943
0401034;164113944
0401035;164113945
0401036;164113946
0401037;164113947
0401038;164113948
0401039;164113949
0401049;164113950
0401052;164113951
0401054;164113952
0401061;164113953
0401066;164113954
0401068;164113955
0401073;163969700
0401074;164113956
0401076;164113957
0401080;163008609
0401081;164113958
0401082;164114039
0401087;164114040
0401088;163969701
0401092;164114041
0401102;163008611
0401104;164114042
0401108;164114043
0401109;164114044
0401116;164114045
0401123;164114046
0401124;164114047
0401125;164114048
0401127;164114049
0401132;164114050
0401133;164114051
0401134;164114052
0401135;164114053
0401138;164114054
0401139;164114055
0401144;164114056
0401145;163008615
0401146;164114057
0401147;164114058
0401153;163008616
0401154;164114139
0401156;164114140
0401157;163969710
0401158;164114141
0401161;163008617
0401162;164114142
0401163;164114143
0401164;164114144
0401166;164114145
0401171;164114146
0401174;164114147
0401175;164114148
0401180;164114149
0401183;164114150
0401186;164114151
0401187;164114152
0401189;164114153
0401190;164114154
0401191;164114155
0401193;164114156
0401197;164114157
0401198;164114158
0401199;164114219
0401200;163008741
0401201;164114220
0401202;164114221
0401203;164114222
0401204;164114223
0401211;164114224
0401212;164114225
0401213;164114226
0401219;164114227
0401228;164114228
0401229;164114229
0401230;164114230
0401231;164114231
0401232;164114232
0401233;164114233
0401235;164114234
0401236;164114235
0401238;164114236
0401239;164114237
0401240;164114238
0401241;164114279
0401242;163008745
0401244;164114280
0401245;164114281
0401247;164114282
0401248;164114283
0401257;164114284
0401262;164114285
0401263;164114286
0401264;164114287
0401265;164114288
0401273;164114289
0401277;163008748
0401283;164114290
0401289;164114291
0401293;163008750
0401299;164114292
0401309;164114293
0401313;164114294
0401314;164114295
0401316;164114296
0401318;164114297
0401320;164114298
0401321;164114339
0401322;164114340
0401325;164114341
0401326;164114342
0401327;164114343
0401328;164114344
0401329;164114345
0401330;164114346
0401331;163008754
0401332;164114347
0401333;164114348
0401335;164114349
0401336;164114350
0401337;164114351
0401339;164114352
0401345;164114353
0401349;164114354
0401351;164114355
0401352;164114356
0401353;164114357
0401354;164114358
0401357;164114399
0401361;164114400
0401362;164114401
0401363;164114402
0401364;164114403
0401367;164114404
0401368;164114405
0401369;164114406
0401370;164114407
0401371;164114408
0401374;163008758
0401375;164114409
0401376;164114410
0401378;164114411
0401379;164114412
0401380;164114413
0401382;163008899
0401400;164114414
0401401;164114415
0401402;164114416
0401414;164114417
0401415;164114418
0401416;164114459
0401422;164114460
0401436;164114461
0401437;164114462
0401438;164114463
0401439;163008904
0401441;164114464
0401446;164114465
0401447;163008905
0401449;164114466
0401454;164114467
0401455;163008906
0401456;164114468
0401457;164114469
0401459;164114470
0401463;163008907
0401469;164114471
0401470;164114472
0401471;163008908
0401472;164114473
0401473;164114474
0401475;164114475
0401476;164114476
0401477;164114477
0401483;164114478
0401485;164114519
0401492;164114520
0401494;164114521
0401495;164114522
0401496;164114523
0401499;164114524
0401500;164114525
0401501;163008911
0401504;164114526
0401505;164114527
0401509;164114528
0401510;163008912
0401516;164114529
0401519;164114530
0401521;164114531
0401522;164114532
0401523;164114533
0401524;164114534
0401525;164114535
0401526;164114536
0401527;164114537
0401531;164114538
0401532;164114559
0401537;164114560
0401538;164114561
0401539;164114562
0401540;164114563
0401541;164114564
0401542;164113779
0401544;163008915
0401545;164113780
0401546;164113781
0401547;164113782
0401548;164113783
0401549;164113784
0401550;164113785
0401558;164113786
0401559;164113787
0401560;163008917
0401572;164113788
0401573;164113789
0401579;163008918
0401580;164113790
0401581;164113791
0401582;164113792
0401584;164113793
0401585;164113794
0401586;164113795
0401590;164113796
0401592;164113797
0401593;164113798
0401594;164113879
0401595;163009020
0401596;164113880
0401597;164113881
0401598;164113882
0401599;164113883
0401600;164113884
0401605;164113885
0401610;164113886
0401615;164113887
0401621;164113888
0401623;164113889
0401625;163009023
0401626;164113890
0401627;164113891
0401629;164113892
0401631;164113893
0401637;164113894
0401641;163009025
0401643;164113895
0401644;164113896
0401645;164113897
0401646;164113898
0401648;164113959
0401653;164113960
0401654;164113961
0401656;164113962
0401662;164113963
0401663;164113964
0401664;164113965
0401665;164113966
0401666;164113967
0401667;164113968
0401668;163009027
0401669;164113969
0401676;163009028
0401677;164113970
0401685;164113971
0401687;164113972
0401688;164113973
0401689;164113974
0401690;164113975
0401691;164113976
0401692;163009030
0401693;164113977
0401694;164113978
0401695;164114059
0401696;164114060
0401699;164114061
0401700;164114062
0401705;164114063
0401712;164114064
0401713;164114065
0401715;164114066
0401716;164114067
0401718;164114068
0401724;164114069
0401725;164114070
0401727;164114071
0401728;164114072
0401729;164114073
0401732;164114074
0401739;164114075
0401741;164114076
0401744;164114077
0401745;164114078
0401755;164114119
0401756;164114120
0401757;163009036
0401758;164114121
0401759;164114122
0401761;164114123
0401762;164114124
0401763;164114125
0401765;164114126
0401767;164114127
0401769;164114128
0401770;164114129
0401771;164114130
0401772;164114131
0401773;163009037
0401777;164114132
0401779;164114133
0401781;163009038
0401782;164114134
0401783;164114135
0401784;164114136
0401785;164114137
0401786;164114138
0401792;164114179
0401793;164114180
0401794;164114181
0401795;163968087
0401796;164114182
0401800;164114183
0401811;163009181
0401815;164114184
0401824;164114185
0401825;164114186
0401826;164114187
0401830;164114188
0401831;164114189
0401832;164114190
0401833;164114191
0401834;164114192
0401835;164114193
0401837;164114194
0401838;163009183
0401839;164114195
0401840;164114196
0401841;164114197
0401845;164114198
0401846;163009184
0401848;164114259
0401849;164114260
0401850;164114261
0401851;164114262
0401858;164114263
0401859;164114264
0401866;164114265
0401867;164114266
0401868;164114267
0401869;164114268
0401881;164114269
0401883;164114270
0401884;164114271
0401885;164114272
0401886;164114273
0401889;163009188
0401890;164114274
0401891;164114275
0401892;164114276
0401893;164114277
0401894;164114278
0401898;164114319
0401899;164114320
0401900;163009190
0401902;164114321
0401903;164114322
0401904;164114323
0401905;164114324
0401906;164114325
0401907;164114326
0401910;164114327
0401912;164114328
0401913;164114329
0401916;164114330
0401918;164114331
0401922;164114332
0401923;164114333
0401924;164114334
0401925;164114335
0401927;163009192
0401928;164114336
0401934;164114337
0401936;164114338
0401938;164114379
0401939;164114380
0401940;164114381
0401941;164114382
0401942;164114383
0401943;163009194
0401944;164114384
0401950;164114385
0401951;163009195
0401952;164114386
0401961;164114387
0401962;164114388
0401963;164114389
0401964;164114390
0401965;163968096
0401966;164114391
0401971;164114392
0401973;164114393
0401977;164114394
0401986;163009198
0401990;164114395
0401999;164114396
0402000;164114397
0402001;163009320
0402002;164114398
0402005;164114439
0402012;164114440
0402014;164114441
0402016;164114442
0402017;164114443
0402020;164114444
0402021;164114445
0402022;164114446
0402030;164114447
0402044;163009324
0402045;164114448
0402048;164114449
0402049;164114450
0402050;164114451
0402051;164114452
0402053;164114453
0402054;164114454
0402056;164114455
0402058;164114456
0402064;164114457
0402065;164114458
0402068;164114479
0402069;164114480
0402070;164114481
0402080;164114482
0402087;163009328
0402088;164114483
0402089;164114484
0402094;164114485
0402095;163009329
0402096;164114486
0402098;164114487
0402099;164114488
0402100;164114489
0402101;164114490
0402102;164114491
0402103;164114492
0402109;163009330
0402110;164114493
0402112;164114494
0402113;164114495
0402116;164114496
0402118;164114497
0402119;164114498
0402120;164114539
0402124;164114540
0402128;164114541
0402129;164114542
0402130;164114543
0402134;164114544
0402138;164114545
0402139;164114546
0402140;164114547
0402141;163009334
0402142;164114548
0402143;164114549
0402144;164114550
0402145;164114551
0402146;164114552
0402147;164114553
0402148;164114554
0402151;164114555
0402153;164114556
0402155;164114557
0402159;164114558
0402160;164114599
0402161;164114600
0402162;164114601
0402163;164114602
0402164;164114603
0402165;164114604
0402166;164114605
0402167;164114606
0402169;164114607
0402172;164114608
0402174;164114609
0402175;164114610
0402178;164114611
0402181;164114612
0402182;164114613
0402183;164114614
0402184;163009338
0402186;164114615
0402191;164114616
0402192;163009459
0402193;164114617
0402194;164114618
0402195;164114639
0402196;164114640
0402197;164114641
0402200;164114642
0402201;164114643
0402207;164114644
0402208;164114645
0402209;164114646
0402212;164114647
0402215;163960279
0402216;163960280
0402218;163960281
0402230;163009463
0402242;163960282
0402243;163960283
0402245;163960284
0402246;163960285
0402247;163960286
0402248;163960287
0402263;163960288
0402265;163009466
0402267;163960289
0402277;163960290
0402278;163960291
0402279;163960292
0402280;163960293
0402281;163009468
0402282;163960294
0402283;163960295
0402284;163960296
0402285;163960297
0402288;163960298
0402289;163960339
0402290;163009469
0402302;163960340
0402304;163960341
0402305;163960342
0402307;163960343
0402309;163960344
10051227;163960345
10052711;163960346
10052833;163960347
10053047;163960348
10053545;163960349
10053631;163960350
10053795;163960351
10053994;163960352
10054123;163960353
10054199;163960354
10054291;163960355
10054323;163960356
10054891;163960357
10054967;163960358
10054985;163960459
10055000;163960460
10055076;163960461
10055128;163960462
10055284;163960463
10055409;163960464
10055680;163960465
10055842;163960466
10056334;163960467
10056368;163960468
10056879;163960469
10057018;163960470
10057258;163960471
10057261;163960472
10057878;163960473
10057987;163960474
10058171;163960475
10058331;163960476
10058397;163289057
10058886;163960477
10058894;163960478
10059082;163960579
10059107;163960580
10059702;163960581
10060041;163960582
10060053;163960583
10060117;163960584
10060138;163290110
10060165;163960585
10060316;163290208
10060414;163960586
10060636;163960587
10060875;163960588
10061236;163960589
10061307;163960590
10061492;163960591
10061644;163960592
10061944;163960593
10061945;163960594
10062132;163960595
10062191;163960596
10062218;163960597
10062274;163960598
10062275;163960719
10062868;163960720
10062944;163960721
10063444;163960722
10063743;163960723
10064224;163960724
10064616;163960725
10064681;163960726
10064824;163960727
10065035;163960728
10065299;163960729
10065347;163960730
10065354;163960731
10065379;163960732
10065420;163960733
10066136;163930770
10066137;163960734
10066214;163960735
10066264;163960736
10066309;163960737
10066591;163960738
10066925;163960839
10066975;163960840
10067064;163960841
10067179;163960842
10067247;163960843
10067567;163960844
10067584;163960845
10067585;163960846
10067695;163960847
10067752;163473211
10067791;163960848
10068832;163960849
10068979;163960850
10068991;163960851
10069118;163960852
10069130;163960853
10069158;163960854
10069254;163960855
10069384;163960856
10069502;163960857
10069529;163960858
10069610;163960979
10069656;163960980
10069739;163474768
10069772;163960981
10069825;163960982
10069961;163960983
10069974;163960984
10070026;163960985
10070103;163960986
10070155;163960987
10070158;163960988
10070318;163960989
10071091;163931704
10073086;163382303
10073296;163960990
10074267;163960991
10074371;163960992
10074924;163960993
10075082;163960994
10075169;163960995
10075408;163960996
10075445;163383819
10075529;163960997
10075622;163960998
10075664;163961079
10075697;163961080
10075806;163961081
10075839;163961082
10076092;163961083
10076247;163382478
10076303;163961084
10076361;163961085
10076398;163961086
10076403;163961087
10076473;163961088
10076474;163961089
10076477;163961090
10076479;163961091
10076595;163961092
10076621;163961093
10076861;163961094
10076907;163961095
10076934;163961096
10077562;163961097
10077640;163961098
10078981;163961219
10079150;163961220
10080221;163961221
10080242;163961222
10080281;163961223
10080291;163961224
10080493;163961225
10080505;163961226
10080522;163961227
10080619;163933377
10080724;163933528
10080725;163961228
10080860;163961229
10080935;163961230
10080956;163961231
10081388;163961232
10081427;163961233
10081855;163961234
10081967;163961235
10082356;163961236
10082638;163237305
10082695;163961237
10082834;163961238
10082871;163961439
10083330;163961440
10083357;163961441
10083361;163961442
10083370;163961443
10083832;163961444
10083936;163237915
10084063;163961445
10084064;163961446
10084065;163961447
10084309;163961448
10084354;163961449
10084355;163238057
10084356;163961450
10084469;163961451
10084482;163961452
10084634;163961453
10084693;163961454
10084707;163961455
10084816;163961456
10084818;163961457
10084834;163961458
10084996;163961619
10085047;163961620
10085125;163961621
10085155;163961622
10085158;163961623
10085198;163961624
10085236;163961625
10085256;163961626
10085272;163961627
10085319;163933353
10085332;163961628
10085393;163961629
10085664;163961630
10085688;163933630
10085777;163933799
10085791;163961631
10085806;163961632
10085840;163933806
10085848;163961633
10085873;163961634
10085972;163961635
10086038;163961636
10086080;163933990
10086129;163933994
10086173;163961637
10086273;163961638
10086274;163961899
10086277;163961900
10086398;163961901
10086400;163961902
10086432;163961903
10086477;163961904
10086979;163961905
10087007;163961906
10087059;163961907
10087618;163961908
10087792;163961909
10087964;163961910
10088062;163961911
10088369;163293697
10089172;163961912
10089244;163961913
10089262;163961914
10089793;163961915
10089952;163961916
10090191;163961917
10090192;163961918
10091074;163962099
10091251;163962100
10091252;163962101
10091839;163962102
10092107;163962103
10092301;163962104
10092711;163962105
10092887;163962106
10092893;163962107
10093129;163962108
10093239;163962109
10093327;163962110
10093372;163962111
10093469;163962112
10093618;163962113
10093687;163962114
10093713;163962115
10093753;163477355
10093783;163962116
10093812;163962117
10093847;163962118
10093884;163962359
10093900;163962360
10094122;163962361
10094212;163962362
10094329;163962363
10094367;163962364
10094439;163962365
10094471;163962366
10094506;163962367
10094533;163962368
10094601;163383420
10094602;163962369
10094612;163962370
10094739;164052123
10094829;164052124
10094936;164052125
10095109;164052126
10095110;163383631
10095111;164052127
10095112;164052128
10095189;164052129
10095237;164052130
10095331;164052131
10095346;164052132
10095358;164052133
10095387;164052134
10095500;163383870
10095538;164052135
10095559;164052136
10095620;164052137
10095623;164052138
10095627;164053439
10095686;164053440
10095727;164053441
10095763;164053442
10095777;164053443
10095830;164053444
10095922;164053445
10095939;164053446
10095944;164053447
10096247;164053448
10096337;163384333
10096495;164053449
10096517;164053450
10096688;164053451
10096691;164053452
10096783;164053453
10096882;164053454
10097102;164053455
10097270;164053456
10097295;163295389
10097348;164053457
10097406;163295580
10097446;164053458
10097494;164053479
10097500;164053480
10097537;164053481
10097557;164053482
10097588;164053483
10097589;163295598
10097590;164053484
10097622;164053485
10097671;164053486
10097813;163296001
10097818;164053487
10097823;164053488
10097875;164053489
10097917;164053490
10097934;164053491
10097951;164053492
10098007;164053493
10098025;164053494
10098034;164053495
10098163;164053496
10098225;164053497
10098367;164053498
10098376;164053539
10098423;164053540
10098447;164053541
10098464;164053542
10098466;164053543
10098512;164053544
10098567;164053545
10098570;164053546
10098605;164053547
10098629;164053548
10098706;164053549
10098709;164053550
10098728;164053551
10098749;164053552
10098753;164053553
10098792;164053554
10098905;164053555
10099003;164053556
10099012;164053557
10099036;164053558
10099048;164053599
10099129;164053600
10099184;164053601
10099214;164053602
10099225;164053603
10099433;163297362
10099439;164053604
10099524;164053605
10099589;164053606
10099673;164053607
10099681;164053608
10099699;164053609
10099710;164053610
10099721;164053611
10099788;164053612
10099852;164053613
10099867;163297665
10099875;163297666
10099942;164053614
10099951;164053615
10099954;164053616
10099956;163297674
10099964;163297675
10099993;164053617
10100009;164053618
10100021;164053679
10100033;164053680
10100065;164053681
10100179;164053682
10100181;164053683
10100208;164053684
10100217;164053685
10100222;164053686
10100287;164053687
10100289;164053688
10100299;164053689
10100317;164053690
10100322;164053691
10100334;163475952
10100447;164053692
10100671;164053693
10100680;164053694
10100697;164053695
10100707;164053696
10100785;164053697
10100993;164053698
10101169;164053739
10101266;164053740
10101282;164053741
10101285;164053742
10101308;164053743
10101331;164053744
10101383;164053745
10101395;164053746
10101406;164053747
10101558;164053748
10101578;163476994
10101609;164053749
10101855;164053750
10101861;163477363
10101896;164053751
10101907;164053752
10101922;164053753
10101948;164053754
10101953;164053755
10101973;164053756
10101976;164053757
10102048;164053758
10102062;164053799
10102108;164053800
10102111;164053801
10102188;164053802
10102262;164053803
10102423;164053804
10102437;164053805
10102452;164053806
10102487;164053807
10102499;164053808
10102534;164053809
10102636;164053810
10102655;164053811
10102713;164053812
10102854;164053813
10102855;164053814
10102858;164053815
10102859;164053816
10102860;164053817
10102861;164053818
10102862;164053839
10102863;164053840
10102864;164053841
10102868;163477478
10102869;164053842
10102870;164053843
10102872;164053844
10102873;164053845
10102874;164053846
10102876;163477599
10102877;164053847
10102878;164053848
10102881;164053849
10102882;164053850
10102883;164053851
10102884;164053852
10102885;164053853
10102886;164053854
10102887;164053855
10102891;164053856
10102892;164053857
10102893;164053858
10102894;164053899
10102895;164053900
10102896;164053901
10102897;164053902
10102898;164053903
10102899;164053904
10102900;164053905
10102999;164053906
10103005;164053907
10103006;164053908
10103007;164053909
10103008;164053910
10103009;164053911
10103010;164053912
10103011;164053913
10103044;164053914
10103045;164053915
10103048;164053916
10103050;164053917
10103051;164053918
10103053;164053919
10103054;164053920
10103055;164053921
10103056;164053922
10103057;164053923
10103058;163477602
10103071;164053924
10103076;164053925
10103226;164053926
10103334;164053927
10103473;164053928
10103550;164053929
10103560;164053930
10103741;164053931
10103892;164053932
10103921;164053933
10104234;164053934
10104274;164053935
40146686;164053936
40146688;164053937
40146689;164053938
40146709;164053959
40146719;164053960
40146724;164053961
40146728;164053962
40146776;164053963
40146822;164053964
40146993;164053965
40147469;164053966
40147654;164053967
40147656;164053968
40148264;164053969
40148299;164053970
40148976;164053971
40149274;164053972
40149276;164053973
40149423;164053974
40149427;164053975
40149429;164053976
40150144;164053977
40150146;164053978
40150391;164053999
40150562;164054000
40150563;164054001
40150570;164054002
40150979;164054003
40150998;164054004
40151205;164054005
40151212;164054006
40151257;164054007
40151555;164054008
40151556;164054009
40151603;164054010
40151605;164054011
40151623;164054012
40151672;164054013
40151687;164054014
40151705;164054015
40151864;164054016
40151964;164054017
40152552;164054018
40152553;164054039
40152554;164054040
40152948;164054041
40153365;164054042
40153566;164054043
40153600;164054044
40153602;164054045
40153778;164054046
40153830;164054047
40153957;164054048
40153969;164054049
40154099;164054050
40154126;164054051
40154140;164054052
40154299;164054053
40154588;164054054
40154817;164054055
40154869;164054056
40154873;164054057
40155031;164054058
40155678;164054079
40155732;164054080
40155951;164054081
40156001;164054082
40156374;164054083
40156532;164054084
40156540;163995319
40156545;163995320
40156566;163995321
40156583;163995322
40156703;163995323
40156741;163995324
40156742;163995325
40156797;163995326
40156882;163995327
40156963;163995328
40156983;163995329
40157089;163995330
40158042;163995331
40158046;163995332
40158050;163995333
40158156;163995334
40158157;163995335
40158271;163995336
40158284;163995337
40158307;163995338
40158935;163995419
40159031;163995420
40159520;163995421
40159784;163995422
40159787;163995423
40160953;163995424
40161032;163995425
40161033;163995426
40161964;163995427
40162093;163995428
40162507;163995429
40162511;163995430
40162609;163995431
40162644;163995432
40162930;163995433
40163072;163995434
40163681;163995435
40164121;163995436
40164138;163995437
40164199;163995438
40164885;163995559
40164887;163995560
40165299;163995561
40165621;163995562
40165911;163995563
40165926;163995564
40166055;163995565
40166132;163995566
40166134;163995567
40166165;163995568
40166419;163995569
40166557;163995570
40166573;163995571
40167022;163995572
40167036;163995573
40167223;163995574
40167234;163995575
40167245;163995576
40167301;163995577
40167380;163995578
40167482;163995699
40167485;163995700
40167494;163995701
40167512;163995702
40167535;163995703
40167905;163995704
40167991;163995705
40168112;163995706
40168120;163995707
40168123;163995708
40168233;163995709
40168264;163995710
40168267;163995711
40168534;163995712
40168572;163995713
40168695;163995714
40168758;163995715
40168761;163995716
40168762;163995717
40168828;163995718
40168833;163995819
40168839;163995820
40168882;163995821
40168884;163995822
40169149;163995823
40169155;163995824
40169158;163995825
40169431;163995826
40169434;163995827
40169628;163995828
40169783;163995829
40170041;163995830
40170112;163995831
40170114;163995832
40170118;163995833
40170133;163995834
40170137;163995835
40170197;163995836
40170228;163995837
40170342;163995838
40170407;163995939
40170409;163995940
40170638;163995941
40170639;163995942
40170643;163995943
40170741;163995944
40170847;163995945
40170853;163995946
40170874;163995947
40171200;163995948
40171258;163995949
40171371;163995950
40171382;163995951
40171461;163995952
40171679;163995953
40171684;163995954
40171762;163995955
40171763;163995956
40171764;163995957
40171819;163995958
40171853;163996079
40171855;163996080
40171857;163996081
40171869;163996082
40172092;163996083
40172105;163996084
40172126;163996085
40172136;163996086
40172211;163996087
40172278;163996088
40172288;163996089
40172313;163996090
40172428;163996091
40172600;163996092
40172612;163996093
40172615;163996094
40172616;163996095
40172653;163996096
40172700;163996097
40172715;163996098
40172724;163996219
40172729;163996220
40172799;163996221
40172869;163996222
40172881;163996223
40173023;163996224
40173025;163996225
40173072;163996226
40173645;163996227
40173767;163996228
40173768;163996229
40173904;163996230
40173927;163996231
40174006;163996232
40174072;163996233
40174073;163996234
40174154;163996235
40174494;163996236
40174712;163996237
40174778;163996238
40175235;163996359
40175236;163996360
40175279;163996361
40175746;163996362
40176268;163996363
40176371;163996364
40176511;163996365
40176645;163996366
40177457;163996367
40178361;163996368
40178684;163996369
40178755;163996370
40178758;163996371
40178774;163996372
40178890;163996373
40178970;163996374
40179052;163996375
40179244;163996376
40179289;163996377
40179494;163996378
40179502;163996459
40179535;163996460
40179563;163996461
40179580;163996462
40179850;163996463
40179857;163996464
40179928;163996465
40179935;163996466
40179960;163996467
40180045;163996468
40180049;163996469
40180098;163996470
40180129;163996471
40180189;163996472
40180217;163996473
40180222;163996474
40180223;163996475
40180295;163996476
40180364;163996477
40180381;163996478
40180382;163996559
40180383;163996560
40180392;163996561
40180624;163996562
40180702;163996563
40180716;163996564
40180717;163996565
40180883;163996566
40180942;163996567
40180991;163996568
40181061;163996569
40181134;163996570
40181135;163996571
40181164;163996572
40181198;163996573
40181324;163996574
40181422;163996575
40181439;163996576
40181446;163996577
40181519;163996578
40181568;163996659
40181569;163996660
40181570;163996661
40181669;163996662
40181710;163996663
40181711;163996664
40181772;163996665
40181903;163996666
40181985;163996667
40181987;163996668
40181996;163996669
40182005;163996670
40182039;163996671
40182040;163996672
40182042;163996673
40182053;163996674
40182058;163996675
40182081;163996676
40182098;163996677
40182099;163996678
40182100;163996739
40182102;163996740
40182148;163996741
40182164;163996742
40182167;163996743
40182181;163996744
40182183;163996745
40182185;163996746
40182189;163996747
40182193;163996748
40182197;163996749
40182198;163996750
40182207;163996751
40182209;163996752
40182325;163996753
40182359;163996754
40182411;163996755
40182418;163996756
40182442;163996757
40182463;163996758
40182485;163996799
40182499;163996800
40182536;163996801
40182614;163996802
40182631;163996803
40182638;163996804
40182672;163996805
40182679;163996806
40182746;163996807
40182753;163996808
40182774;163996809
40182840;163996810
40182841;163996811
40182842;163996812
40182844;163996813
40182846;163996814
40182917;163996815
40182940;163996816
40183012;163996817
40183022;163996818
40183028;163996879
40183051;163996880
40183071;163996881
40183092;163996882
40183103;163996883
40183108;163996884
40183146;163996885
40183277;163996886
40183278;163996887
40183294;163996888
40183297;163996889
40183310;163996890
40183317;163996891
40183323;163996892
40183325;163996893
40183367;163996894
40183379;163996895
40183408;163996896
40183448;163996897
40183451;163996898
40183487;163954221
40183506;163954222
40183507;163954223
40183623;163954224
40183625;163954225
40183626;163954226
40183627;163954227
40183630;163954228
40183648;163954229
40183658;163954230
40183659;163954231
40183676;163954232
40183686;163954233
40183687;163954234
40183702;163954235
40183711;163954236
40183718;163954237
40183741;163954238
40183776;163960399
40183778;163960400
40183807;163960401
40183834;163960402
40183900;163960403
40183906;163960404
40183922;163960405
40183926;163960406
40183938;163960407
40183954;163960408
40184016;163960409
40184130;163960410
40184136;163960411
40184197;163960412
40184198;163960413
40184242;163960414
40184244;163960415
40184306;163960416
40184307;163960417
40184315;163960418
40184320;163960479
40184324;163960480
40184410;163960481
40184435;163960482
40184441;163960483
40184481;163960484
40184499;163960485
40184544;163960486
40184569;163960487
40184600;163960488
40184609;163960489
40184658;163960490
40184700;163960491
40184720;163960492
40184722;163960493
40184723;163960494
40184734;163960495
40184735;163960496
40184745;163960497
40184750;163960498
40184751;163960599
40184778;163960600
40184822;163960601
40184855;163960602
40184856;163960603
40184966;163960604
40184976;163960605
40185041;163960606
40185063;163960607
40185105;163960608
40185116;163960609
40185127;163960610
40185136;163960611
40185144;163960612
40185150;163960613
40185156;163960614
40185168;163960615
40185175;163960616
40185186;163960617
40185191;163960618
40185192;163960699
40185199;163960700
40185241;163960701
40185316;163960702
40185317;163960703
40185335;163960704
40185337;163960705
40185381;163960706
40185606;163960707
40185680;163960708
40185713;163960709
40185728;163960710
40185828;163960711
40185830;163960712
40185847;163960713
40185853;163960714
40185857;163960715
40185861;163960716
40185863;163960717
40185866;163960718
40185867;163960799
40185871;163960800
40185872;163960801
40185874;163960802
40185879;163960803
40185883;163960804
40185886;163960805
40185887;163960806
40185889;163960807
40185890;163960808
40185891;163960809
40185893;163960810
40185894;163960811
40185896;163960812
40185984;163960813
40186047;163960814
40186053;163960815
40186055;163960816
40186062;163960817
40186131;163960818
40186155;163960879
40186205;163960880
40186221;163960881
40186223;163960882
40186237;163960883
40186259;163960884
40186263;163960885
40186267;163960886
40186269;163960887
40186293;163960888
40186294;163960889
40186302;163960890
40186308;163960891
40186334;163960892
40186474;163960893
40186477;163960894
40186504;163960895
40186558;163960896
40186563;163960897
40186599;163960898
40186627;163960959
40186629;163960960
40186654;163960961
40186659;163960962
40186664;163960963
40186682;163960964
40186689;163960965
40186693;163960966
40186694;163960967
40186697;163960968
40186736;163960969
40186751;163960970
40186752;163960971
40186754;163960972
40186762;163960973
40186769;163960974
40186795;163960975
40186801;163960976
40186813;163960977
40186814;163960978
40186827;163961059
40186860;163961060
40186865;163961061
40186867;163961062
40186868;163961063
40186883;163961064
40186902;163961065
40186918;163961066
40186937;163961067
40186946;163961068
40186953;163961069
40186955;163961070
40187006;163961071
40187023;163961072
40187032;163961073
40187035;163961074
40187053;163961075
40187054;163961076
40187098;163961077
40187102;163961078
40187106;163961199
40187118;163961200
40187153;163961201
40187160;163961202
40187161;163961203
40187168;163961204
40187183;163961205
40187225;163961206
40187240;163961207
40187248;163961208
40187301;163961209
40187344;163961210
40187365;163961211
40187392;163961212
40187416;163961213
40187422;163961214
40187424;163961215
40187436;163961216
40187456;163961217
40187457;163961218
40187468;163961339
40187483;163961340
40187491;163961341
40187516;163961342
40187524;163961343
40187562;163961344
40187570;163961345
40187571;163961346
40187572;163961347
40187573;163961348
40187581;163961349
40187590;163961350
40187645;163961351
40187652;163961352
40187655;163961353
40187681;163961354
40187687;163961355
40187702;163961356
40187703;163961357
40187719;163961358
40187721;163961499
40187722;163961500
40187734;163961501
40187772;163961502
40187780;163961503
40187796;163961504
40187797;163961505
40187859;163961506
40187892;163961507
40187904;163961508
40187934;163961509
40187935;163961510
40187946;163961511
40187956;163961512
40187966;163961513
40187984;163961514
40187991;163961515
40187993;163961516
40187999;163961517
40188010;163961518
40188101;163961699
40188105;163961700
40188122;163961701
40188123;163961702
40188139;163961703
40188142;163961704
40188155;163961705
40188156;163961706
40188173;163961707
40188193;163961708
40188196;163961709
40188250;163961710
40188264;163961711
40188265;163961712
40188278;163961713
40188280;163961714
40188283;163961715
40188302;163961716
40188310;163961717
40188312;163961718
40188331;163961859
40188338;163961860
40188349;163961861
40188372;163961862
40188386;163961863
40188412;163961864
40188425;163961865
40188444;163961866
40188449;163961867
40188453;163961868
40188459;163961869
40188468;163961870
40188471;163961871
40188472;163961872
40188478;163961873
40188479;163961874
40188509;163961875
40188510;163961876
40188511;163961877
40188534;163961878
40188552;163962019
40188553;163962020
40188557;163962021
40188559;163962022
40188567;163962023
40188568;163962024
40188607;163962025
40188616;163962026
40188621;163962027
40188635;163962028
40188642;163962029
40188645;163962030
40188684;163962031
40188685;163962032
40188686;163962033
40188687;163962034
40188688;163962035
40188689;163962036
40188693;163962037
40188695;163962038
40188697;163962199
40188700;163962200
40188701;163996979
40188702;163996980
40188704;163996981
40188706;163996982
40188707;163996983
40188712;163996984
40188714;163996985
40188722;163996986
40188733;163996987
40188749;163996988
40188761;163996989
40188806;163996990
40188810;163996991
40188859;163996992
40188863;163996993
40188867;163996994
40188870;163996995
40188873;163996996
40188874;163996997
40188876;163996998
40188878;163997039
40188879;163997040
40188881;163997041
40188884;163997042
40188886;163997043
40188888;163997044
40188899;163997045
40188903;163997046
40188904;163997047
40188905;163997048
40188912;163997049
40188919;163997050
40188925;163997051
40188927;163997052
40188928;163997053
40188929;163997054
40188945;163997055
40188957;163997056
40188977;163997057
40189009;163997058
40189046;163997099
40189066;163997100
40189096;163997101
40189101;163997102
40189102;163997103
40189106;163997104
40189109;163997105
40189130;163997106
40189142;163997107
40189156;163997108
40189174;163997109
40189183;163997110
40189202;163997111
40189209;163997112
40189249;163997113
40189251;163997114
40189258;163997115
40189261;163997116
40189262;163997117
40189275;163997118
40189279;163997159
40189281;163997160
40189283;163997161
40189291;163997162
40189318;163997163
40189320;163997164
40189325;163997165
40189331;163997166
40189332;163997167
40189338;163997168
40189339;163997169
40189345;163997170
40189348;163997171
40189359;163997172
40189361;163997173
40189366;163997174
40189376;163997175
40189379;163997176
40189398;163997177
40189416;163997178
40189455;163997199
40189457;163997200
40189458;163997201
40189459;163997202
40189463;163997203
40189473;163997204
40189499;163997205
40189500;163997206
40189501;163997207
40189514;163997208
40189535;163997209
40189546;163997210
40189554;163997211
40189568;163997212
40189575;163997213
40189577;163997214
40189579;163997215
40189585;163997216
40189624;163997217
40189641;163997218
40189642;163997299
40189647;163997300
40189702;163997301
40189722;163997302
40189747;163997303
40189767;163997304
40189769;163997305
40189773;163997306
40189837;163997307
40189839;163997308
40189843;163997309
40189844;163997310
40189847;163997311
40189852;163997312
40189873;163997313
40189884;163997314
40189895;163997315
40189897;163997316
40189901;163997317
40189903;163997318
40189909;163997419
40189911;163997420
40189918;163997421
40189919;163997422
40189920;163997423
40189921;163997424
40189922;163997425
40189923;163997426
40189924;163997427
40189929;163997428
40189940;163997429
40189981;163997430
40189994;163997431
40189999;163997432
40190004;163997433
40190013;163997434
40190023;163997435
40190025;163997436
40190045;163997437
40190052;163997438
40190067;163997519
40190083;163997520
40190084;163997521
40190086;163997522
40190094;163997523
40190095;163997524
40190113;163997525
40190118;163997526
40190120;163997527
40190121;163997528
40190122;163997529
40190125;163997530
40190127;163997531
40190138;163997532
40190144;163997533
40190148;163997534
40190166;163997535
40190170;163997536
40190172;163997537
40190181;163997538
40190191;163997579
40190192;163997580
40190193;163997581
40190196;163997582
40190197;163997583
40190204;163997584
40190209;163997585
40190213;163997586
40190217;163997587
40190221;163997588
40190248;163997589
40190252;163997590
40190256;163997591
40190258;163997592
40190269;163997593
40190276;163997594
40190281;163997595
40190283;163997596
40190285;163997597
40190287;163997598
40190291;163997639
40190320;163997640
40190322;163997641
40190329;163997642
40190332;163997643
40190351;163997644
40190373;163997645
40190379;163997646
40190391;163997647
40190396;163997648
40190399;163997649
40190401;163997650
40190403;163997651
40190413;163997652
40190416;163997653
40190417;163997654
40190428;163997655
40190443;163997656
40190445;163997657
40190462;163997658
40190464;163997699
40190468;163997700
40190470;163997701
40190479;163997702
40190480;163997703
40190496;163997704
40190499;163997705
40190502;163997706
40190507;163997707
40190508;163997708
40190528;163997709
40190561;163997710
40190566;163997711
40190569;163997712
40190570;163997713
40190574;163997714
40190587;163997715
40190588;163997716
40190592;163997717
40190596;163997718
40190600;163997759
40190609;163997760
40190611;163997761
40190612;163997762
40190618;163997763
40190625;163997764
40190648;163997765
40190658;163997766
40190663;163997767
40190677;163997768
40190696;163997769
40190698;163997770
40190700;163997771
40190705;163997772
40190715;163997773
40190720;163997774
40190724;163997775
40190740;163997776
40190743;163997777
40190766;163997778
40190873;163997839
40190895;163997840
40190896;163997841
40190912;163997842
40190914;163997843
40190916;163997844
40190986;163997845
40190988;163997846
40191010;163997847
40191014;163997848
40191033;163997849
40191037;163997850
40191060;163997851
40191078;163997852
40191080;163997853
40191101;163997854
40191102;163997855
40191106;163997856
40191134;163997857
40191135;163997858
40191149;163997899
40191187;163997900
40191203;163997901
40191208;163997902
40191217;163997903
40191220;163997904
40191221;163997905
40191222;163997906
40191242;163997907
40191248;163997908
40191287;163997909
40191329;163997910
40191373;163997911
40191396;163997912
40191413;163997913
40191416;163997914
40191441;163997915
40191450;163997916
40191456;163997917
40191482;163997918
40191485;163997959
40191532;163997960
40191557;163997961
40191612;163997962
40191620;163997963
40191664;163997964
40191679;163997965
40191682;163997966
40191683;163997967
40191735;163997968
40191750;163997969
40191761;163997970
40191798;163997971
40191799;163997972
40191823;163997973
40191848;163997974
40191852;163997975
40191873;163997976
40191886;163997977
40191902;163997978
40191914;163866591
40191951;163866592
40191953;163866593
40192058;163866594
40192060;163866595
40192074;163866596
40192107;163866597
40192120;163866598
40192137;163868519
40192138;163868520
40192139;163868521
40192169;163868522
40192191;163868523
40192262;163868524
40192336;163868525
40192375;163868526
40192379;163868527
40192405;163868528
40192468;163868529
40192522;163868530
40192523;163868531
40192558;163868532
40192586;163868533
40192615;163868534
40192623;163868535
40192628;163868536
40192636;163868537
40192700;163868538
40192728;163868619
40192732;163868620
40192755;163868621
40192770;163868622
40192777;163868623
40192811;163868624
40192822;163868625
40192867;163868626
40192923;163868627
40192942;163868628
40192947;163868629
40193000;163868630
40193006;163868631
40193031;163868632
40193034;163868633
40193036;163868634
40193042;163868635
40193052;163868636
40193053;163868637
40193065;163868638
40193068;163868739
40193090;163868740
40193113;163868741
40193114;163868742
40193116;163868743
40193122;163868744
40193137;163868745
40193141;163868746
40193146;163868747
40193156;163868748
40193191;163868749
40193197;163868750
40193199;163868751
40193210;163868752
40193211;163868753
40193215;163868754
40193230;163868755
40193238;163868756
40193298;163868757
40193310;163868758
40193380;163868839
40193381;163868840
40193455;163868841
40193457;163868842
40193460;163868843
40193468;163868844
40193476;163868845
40193507;163868846
40193534;163868847
40193538;163868848
40193546;163868849
40193548;163868850
40193550;163868851
40193557;163868852
40193561;163868853
40193592;163868854
40193599;163868855
40193627;163868856
40193650;163868857
40193652;163868858
40193653;163868899
40193656;163868900
40193657;163868901
40193661;163868902
40193662;163868903
40193665;163868904
40193673;163868905
40193678;163868906
40193705;163868907
40193727;163868908
40193728;163868909
40193780;163868910
40193829;163868911
40193830;163868912
40193853;163868913
40193869;163868914
40193881;163868915
40193883;163868916
40193884;163868917
40193970;163868918
40194039;163869019
40194041;163869020
40194044;163869021
40194054;163869022
40194061;163869023
40194065;163869024
40194071;163869025
40194074;163869026
40194080;163869027
40194085;163869028
40194094;163869029
40194096;163869030
40194099;163869031
40194101;163869032
40194109;163869033
40194129;163869034
40194134;163869035
40194136;163869036
40194139;163869037
40194149;163869038
40194201;163869119
40194223;163869120
40194225;163869121
40194233;163869122
40194255;163869123
40194256;163869124
40194280;163869125
40194297;163869126
40194308;163869127
40194315;163869128
40194327;163869129
40194342;163869130
40194346;163869131
40194354;163869132
40194380;163869133
40194419;163869134
40194424;163869135
40194434;163869136
40194439;163869137
40194444;163869138
40194446;163869279
40194499;163869280
40194509;163869281
40194563;163869282
40194564;163869283
40194566;163869284
40194570;163869285
40194597;163869286
40194621;163869287
40194630;163869288
40194635;163869289
40194647;163869290
40194673;163869291
40194682;163869292
40194687;163869293
40194709;163869294
40194710;163869295
40194716;163869296
40194719;163869297
40194757;163869298
40194759;163869399
40194782;163869400
40194795;163869401
40194797;163869402
40194800;163869403
40194810;163869404
40194811;163869405
40194814;163869406
40194849;163869407
40194970;163869408
40194975;163869409
40194977;163869410
40194980;163869411
40194981;163869412
40194984;163869413
40195013;163869414
40195032;163869415
40195033;163869416
40195047;163869417
40195055;163869418
40195057;163869519
40195058;163869520
40195067;163869521
40195078;163869522
40195086;163869523
40195101;163869524
40195108;163869525
40195115;163869526
40195121;163869527
40195171;163869528
40195198;163869529
40195224;163869530
40195230;163869531
40195332;163869532
40195341;163869533
40195346;163869534
40195396;163869535
40195399;163869536
40195402;163869537
40195406;163869538
40195413;163869679
40195437;163869680
40195446;163869681
40195458;163869682
40195465;163869683
40195547;163869684
40195558;163869685
40195560;163869686
40195601;163869687
40195604;163869688
40195617;163869689
40195624;163869690
40195642;163869691
40195649;163869692
40195673;163869693
40195688;163869694
40195690;163869695
40195701;163869696
40195706;163869697
40195727;163869698
40195736;163869819
40195760;163869820
40195767;163869821
40195768;163869822
40195778;163869823
40195786;163869824
40195819;163869825
40195820;163869826
40195875;163869827
40195886;163869828
40195889;163869829
40195893;163869830
40195898;163869831
40195904;163869832
40195906;163869833
40195982;163869834
40196005;163869835
40196015;163869836
40196038;163869837
40196043;163869838
40196048;163869999
40196050;163870000
40196060;163870001
40196063;163870002
40196081;163870003
40196086;163870004
40196089;163870005
40196090;163870006
40196110;163870007
40196213;163870008
40196227;163870009
40196235;163870010
40196236;163870011
40196312;163870012
40196314;163870013
40196325;163870014
40196329;163870015
40196348;163870016
40196355;163870017
40196369;163870018
40196370;163870139
40196403;163870140
40196407;163870141
40196428;163870142
40196440;163870143
40196569;163870144
40196583;163870145
40196586;163870146
40196587;163870147
40196607;163870148
40196608;163870149
40196616;163870150
40196631;163870151
40196643;163870152
40196677;163870153
40196679;163870154
40196703;163870155
40196707;163870156
40196711;163870157
40196761;163870158
40196786;163870259
40196846;163870260
40196864;163870261
40196883;163870262
40196889;163870263
40196976;163870264
40196977;163870265
40196981;163870266
40196982;163870267
40196995;163870268
40197010;163870269
40197033;163870270
40197038;163836219
40197065;163836220
40197068;163836221
40197089;163836222
40197091;163836223
40197108;163836224
40197122;163836225
40197124;163836226
40197157;163836227
40197180;163836228
40197205;163836229
40197245;163836230
40197255;163836231
40197256;163836232
40197281;163836233
40197359;163836234
40197374;163836235
40197382;163836236
40197405;163836237
40197406;163836238
40197408;163836359
40197434;163836360
40197457;163836361
40197473;163836362
40197488;163836363
40197526;163836364
40197609;163836365
40197610;163836366
40197614;163836367
40197634;163836368
40197645;163836369
40197687;163836370
40197703;163836371
40197704;163836372
40197717;163836373
40197725;163836374
40197743;163836375
40197746;163836376
40197781;163836377
40197787;163836378
40197824;163836499
40197848;163836500
40197934;163836501
40197988;163836502
40198010;163836503
40198022;163836504
40198070;163836505
40198097;163836506
40198128;163836507
40198139;163836508
40198148;163836509
40198157;163836510
40198200;163836511
40198242;163836512
40198246;163836513
40198259;163836514
40198282;163836515
40198301;163836516
40198324;163836517
40198337;163836518
40198348;163836619
40198352;163836620
40198359;163836621
40198362;163836622
40198363;163836623
40198366;163836624
40198369;163836625
40198377;163836626
40198380;163836627
40198382;163836628
40198402;163836629
40198426;163836630
40198431;163836631
40198475;163836632
40198493;163836633
40198499;163836634
40198520;163836635
40198552;163836636
40198559;163836637
40198587;163836638
40198597;163836699
40198630;163836700
40198683;163836701
40198699;163836702
40198702;163836703
40198723;163836704
40198727;163836705
40198729;163836706
40198730;163836707
40198737;163836708
40198738;163836709
40198749;163836710
40198764;163836711
40198790;163836712
40198792;163836713
40198830;163836714
40198850;163836715
40198875;163836716
40198877;163836717
40198911;163836718
40198915;163836819
40198919;163836820
40198936;163836821
40198942;163836822
40198949;163836823
40198955;163836824
40198975;163836825
40198988;163836826
40199016;163836827
40199028;163836828
40199048;163836829
40199057;163836830
40199070;163836831
40199076;163836832
40199079;163836833
40199081;163836834
40199083;163836835
40199084;163836836
40199090;163836837
40199099;163836838
40199102;163836959
40199108;163836960
40199133;163836961
40199157;163836962
40199158;163836963
40199160;163836964
40199163;163836965
40199174;163836966
40199181;163836967
40199208;163836968
40199209;163836969
40199213;163836970
40199218;163836971
40199222;163836972
40199242;163836973
40199261;163836974
40199266;163836975
40199282;163836976
40199317;163836977
40199321;163836978
40199368;163837119
40199382;163837120
40199393;163837121
40199408;163837122
40199411;163837123
40199413;163837124
40199414;163837125
40199417;163837126
40199480;163837127
40199481;163837128
40199490;163837129
40199494;163837130
40199495;163837131
40199511;163837132
40199512;163837133
40199518;163837134
40199523;163837135
40199536;163837136
40199541;163837137
40199542;163837138
40199548;163837259
40199560;163837260
40199581;163837261
40199585;163837262
40199588;163837263
40199607;163837264
40199608;163837265
40199618;163837266
40199621;163837267
40199624;163837268
40199627;163837269
40199628;163837270
40199640;163837271
40199643;163837272
40199650;163837273
40199651;163837274
40199667;163837275
40199673;163837276
40199674;163837277
40199682;163837278
40199702;163837399
40199706;163837400
40199738;163837401
40199741;163837402
40199745;163837403
40199746;163837404
40199748;163837405
40199750;163837406
40199761;163837407
40199762;163837408
40199772;163837409
40199776;163837410
40199783;163837411
40199784;163837412
40199786;163837413
40199788;163837414
40199792;163837415
40199795;163837416
40199814;163837417
40199821;163837418
40199834;163837539
40199835;163837540
40199846;163837541
40199848;163837542
40199855;163837543
40199869;163837544
40199881;163837545
40199882;163837546
40199889;163837547
40199890;163837548
40199899;163837549
40199918;163837550
40199936;163837551
40199948;163837552
40199952;163837553
40199958;163837554
40199961;163837555
40199978;163837556
40199982;163837557
40199988;163837558
40199989;163837659
40200038;163837660
40200060;163837661
40200119;163837662
40200122;163837663
40200123;163837664
40200124;163837665
40200125;163837666
40200131;163837667
40200132;163837668
40200137;163837669
40200143;163837670
40200161;163837671
40200206;163837672
40200210;163837673
40200217;163837674
40200234;163837675
40200253;163837676
40200280;163837677
40200283;163837678
40200289;163837779
40200290;163837780
40200291;163837781
40200293;163837782
40200313;163837783
40200320;163837784
40200339;163837785
40200341;163837786
40200342;163837787
40200363;163837788
40200369;163837789
40200373;163837790
40200374;163837791
40200379;163837792
40200390;163837793
40200394;163837794
40200408;163837795
40200425;163837796
40200442;163837797
40200443;163837798
40200465;163837919
40200473;163837920
40200474;163837921
40200480;163837922
40200490;163837923
40200503;163837924
40200507;163837925
40200540;163837926
40200542;163837927
40200552;163837928
40200560;163837929
40200562;163837930
40200574;163837931
40200602;163837932
40200617;163837933
40200640;163837934
40200656;163837935
40200667;163837936
40200668;163837937
40200676;163837938
40200687;163838099
40200693;163838100
40200697;163838101
40200698;163838102
40200725;163838103
40200727;163838104
40200729;163838105
40200750;163838106
40200751;163838107
40200752;163838108
40200771;163838109
40200787;163838110
40200792;163838111
40200794;163838112
40200821;163838113
40200834;163838114
40200835;163838115
40200836;163838116
40200841;163838117
40200852;163838118
40200873;164113899
40200920;164113900
40200937;164113901
40200941;164113902
40200948;164113903
40200964;164113904
40201024;164113905
40201036;164113906
40201041;164113907
40201056;164113908
40201064;164113909
40201067;164113910
40201069;164113911
40201074;164113912
40201087;164113913
40201093;164113914
40201094;164113915
40201095;164113916
40201109;164113917
40201111;164113918
40201117;164113999
40201118;164114000
40201120;164114001
40201125;164114002
40201133;164114003
40201134;164114004
40201137;164114005
40201138;164114006
40201147;164114007
40201162;164114008
40201163;164114009
40201167;164114010
40201170;164114011
40201175;164114012
40201177;164114013
40201202;164114014
40201259;164114015
40201268;164114016
40201275;164114017
40201284;164114018
40201288;164114079
40201291;164114080
40201306;164114081
40201319;164114082
40201321;164114083
40201322;164114084
40201323;164114085
40201357;164114086
40201358;164114087
40201359;164114088
40201371;164114089
40201381;164114090
40201384;164114091
40201385;164114092
40201389;164114093
40201393;164114094
40201397;164114095
40201398;164114096
40201399;164114097
40201401;164114098
40201402;164114199
40201406;164114200
40201418;164114201
40201424;164114202
40201442;164114203
40201444;164114204
40201445;164114205
40201456;164114206
40201474;164114207
40201479;164114208
40201502;164114209
40201504;164114210
40201508;164114211
40201513;164114212
40201517;164114213
40201520;164114214
40201524;164114215
40201528;164114216
40201531;164114217
40201535;164114218
40201537;164114299
40201550;164114300
40201551;164114301
40201553;164114302
40201555;164114303
40201558;164114304
40201560;164114305
40201561;164114306
40201564;164114307
40201567;164114308
40201569;164114309
40201584;164114310
40201599;164114311
40201600;164114312
40201603;164114313
40201605;164114314
40201606;164114315
40201608;164114316
40201610;164114317
40201612;164114318
40201617;164114359
40201620;164114360
40201623;164114361
40201625;164114362
40201635;164114363
40201637;164114364
40201638;164114365
40201647;164114366
40201649;164114367
40201653;164114368
40201665;164114369
40201670;164114370
40201682;164114371
40201686;164114372
40201709;164114373
40201715;164114374
40201717;164114375
40201741;164114376
40201746;164114377
40201748;164114378
40201749;164114419
40201750;164114420
40201762;164114421
40201783;164114422
40201793;164114423
40201819;164114424
40201823;164114425
40201829;164114426
40201856;164114427
40201860;164114428
40201863;164114429
40201865;164114430
40201867;164114431
40201871;164114432
40201880;164114433
40201891;164114434
40201911;164114435
40201923;164114436
40201944;164114437
40201972;164114438
40201982;164114499
40201985;164114500
40202022;164114501
40202025;164114502
40202058;164114503
40202114;164114504
40202133;164114505
40202151;164114506
40202160;164114507
40202192;164114508
40202195;164114509
40202207;164114510
40202208;164114511
40202209;164114512
40202210;164114513
40202211;164114514
40202212;164114515
40202213;164114516
40202227;164114517
40202229;164114518
40202230;164114579
40202233;164114580
40202234;164114581
40202243;164114582
40202259;164114583
40202260;164114584
40202261;164114585
40202262;164114586
40202263;164114587
40202275;164114588
40202280;164114589
40202281;164114590
40202283;164114591
40202286;164114592
40202288;164114593
40202289;164114594
40202290;164114595
40202320;164114596
40202346;164114597
40202347;164114598
40202378;164114619
40202381;164114620
40202386;164114621
40202389;164114622
40202425;164114623
40202426;164114624
40202431;164114625
40202452;164114626
40202456;164114627
40202462;164114628
40202465;164114629
40202478;164114630
40202515;164114631
40202517;164114632
40202518;164114633
40202523;164114634
40202524;164114635
40202525;164114636
40202526;164114637
40202527;164114638
40202529;164114659
40202545;164114660
40202564;164114661
40202592;164114662
40202594;164114663
40202595;164114664
40202599;164114665
40202600;164114666
40202602;164114667
40202607;164114668
40202622;164114669
40202626;164114670
40202627;164114671
40202633;164114672
40202648;164114673
40202651;164114674
40202656;164114675
40202658;164114676
40202662;164114677
40202670;164114678
40202673;164114679
40202678;164114680
40202679;164114681
40202681;164114682
40202683;164114683
40202700;164114684
40202702;164114685
40202725;164114686
40202734;164114687
40202738;164114688
40202754;164114689
40202780;164114690
40202805;164114691
40202811;164114692
40202813;164114693
40202839;164114694
40202871;164114695
40202873;164114696
40202880;164114697
40202883;164114698
40202887;164114699
40202888;164114700
40202891;164114701
40202904;164114702
40202913;164114703
40202920;164114704
40202940;164114705
40202941;164114706
40202955;164114707
40202959;164114708
40202963;164114709
40202964;164114710
40202965;164114711
40202977;164114712
40202980;164114713
40202984;164114714
40202990;164114715
40202995;164114716
40202998;164114717
40202999;164114718
40203006;164114719
40203008;164114720
40203017;164114721
40203046;164114722
40203047;164114723
40203058;164114724
40203073;164114725
40203084;164114726
40203085;164114727
40203090;164114728
40203091;164114729
40203093;164114730
40203094;164114731
40203096;164114732
40203104;164114733
40203109;164114734
40203113;164114735
40203114;164114736
40203149;164114737
40203153;164114738
40203154;164114739
40203167;164114740
40203181;164114741
40203194;164114742
40203195;164114743
40203207;164114744
40203209;164114745
40203221;164114746
40203223;164114747
40203235;164114748
40203241;164114749
40203242;164114750
40203246;164114751
40203258;164114752
40203269;164114753
40203274;164114754
40203275;164114755
40203276;164114756
40203282;164114757
40203316;164114758
40203382;163869099
40203398;163869100
40203405;163869101
40203411;163869102
40203412;163869103
40203418;163869104
40203420;163869105
40203421;163869106
40203427;163869107
40203436;163869108
40203440;163869109
40203452;163869110
40203465;163869111
40203473;163869112
40203475;163869113
40203481;163869114
40203484;163869115
40203495;163869116
40203496;163869117
40203498;163869118
40203519;163869239
40203524;163869240
40203526;163869241
40203530;163869242
40203538;163869243
40203554;163869244
40203563;163869245
40203564;163869246
40203566;163869247
40203567;163869248
40203573;163869249
40203589;163869250
40203646;163869251
40203658;163869252
40203659;163869253
40203670;163869254
40203676;163869255
40203677;163869256
40203685;163869257
40203691;163869258
40203699;163869439
40203701;163869440
40203703;163869441
40203714;163869442
40203721;163869443
40203726;163869444
40203727;163869445
40203728;163869446
40203810;163869447
40203811;163869448
40203852;163869449
40203879;163869450
40203880;163869451
40203881;163869452
40203884;163869453
40203906;163869454
40203921;163869455
40203922;163869456
40203925;163869457
40203945;163869458
40203973;163869599
40203974;163869600
40204011;163869601
40204050;163869602
40204052;163869603
40204056;163869604
40204088;163869605
40204091;163869606
40204092;163869607
40204093;163869608
40204100;163869609
40204101;163869610
40204102;163869611
40204103;163869612
40204125;163869613
40204137;163869614
40204201;163869615
40204207;163869616
40204209;163869617
40204213;163869618
40204227;163869719
40204259;163869720
40204260;163869721
40204276;163869722
40204277;163869723
40204281;163869724
40204299;163869725
40204319;163869726
40204321;163869727
40204331;163869728
40204334;163869729
40204343;163869730
40204358;163869731
40204359;163869732
40204360;163869733
40204389;163869734
40204402;163869735
40204426;163869736
40204432;163869737
40204433;163869738
40204434;163869899
40204435;163869900
40204436;163869901
40204437;163869902
40204438;163869903
40204439;163869904
40204440;163869905
40204455;163869906
40204459;163869907
40204468;163869908
40204488;163869909
40204494;163869910
40204495;163869911
40204496;163869912
40204497;163869913
40204498;163869914
40204504;163869915
40204519;163869916
40204521;163869917
40204577;163869918
40204578;163870039
40204582;163870040
40204585;163870041
40204588;163870042
40204589;163870043
40204598;163870044
40204599;163870045
40204600;163870046
40204618;163870047
40204650;163870048
40204655;163870049
40204656;163870050
40204668;163870051
40204714;163870052
40204725;163870053
40204756;163870054
40204758;163870055
40204759;163870056
40204760;163870057
40204777;163870058
40204826;163870159
40204841;163870160
40204844;163870161
40204845;163870162
40204846;163870163
40204856;163870164
40204858;163870165
40204861;163870166
40204875;163870167
40204881;163870168
40204891;163870169
40204892;163870170
40204900;163870171
40204908;163870172
40204909;163870173
40204910;163870174
40204911;163870175
40204914;163870176
40204916;163870177
40204917;163870178
40204939;163870279
40204940;163870280
40204943;163870281
40204949;163870282
40204950;163870283
40205023;163870284
40205024;163870285
40205026;163870286
40205036;163870287
40205056;163870288
40205084;163870289
40205095;163870290
40205114;163870291
40205116;163870292
40205122;163870293
40205134;163870294
40205144;163870295
40205163;163870296
40205165;163870297
40205176;163870298
40205179;163870379
40205187;163870380
40205189;163870381
40205190;163870382
40205191;163870383
40205199;163870384
40205200;163870385
40205206;163870386
40205208;163870387
40205210;163870388
40205230;163870389
40205246;163870390
40205253;163870391
40205277;163870392
40205290;163870393
40205299;163870394
40205302;163870395
40205311;163870396
40205312;163870397
40205338;163870398
40205339;163870479
40205342;163870480
40205343;163870481
40205344;163870482
40205346;163870483
40205347;163870484
40205350;163870485
40205351;163870486
40205361;163870487
40205363;163870488
40205368;163870489
40205369;163870490
40205370;163870491
40205371;163870492
40205373;163870493
40205374;163870494
40205378;163870495
40205392;163870496
40205396;163870497
40205397;163870498
40205414;163870619
40205438;163870620
40205484;163870621
40205486;163870622
40205490;163870623
40205510;163870624
40205512;163870625
40205514;163870626
40205521;163870627
40205524;163870628
40205533;163870629
40205543;163870630
40205603;163870631
40205605;163870632
40205606;163870633
40205607;163870634
40205611;163870635
40205612;163870636
40205614;163870637
40205615;163870638
40205616;163870759
40205619;163870760
40205620;163870761
40205632;163870762
40205638;163870763
40205641;163870764
40205642;163870765
40205643;163870766
40205644;163870767
40205666;163870768
40205667;163870769
40205673;163870770
40205674;163870771
40205675;163870772
40205677;163870773
40205681;163870774
40205723;163870775
40205726;163870776
40205748;163870777
40205749;163870778
40205750;163870959
40205756;163870960
40205758;163870961
40205759;163870962
40205760;163870963
40205761;163870964
40205762;163870965
40205786;163870966
40205796;163870967
40205798;163870968
40205809;163870969
40205815;163870970
40205829;163870971
40205836;163870972
40205844;163870973
40205864;163870974
40205883;163870975
40205888;163870976
40205903;163870977
40205921;163870978
40205937;163871179
40205951;163871180
40205962;163871181
40205971;163871182
40205993;163871183
40205999;163871184
40206002;163871185
40206003;163871186
40206005;163871187
40206006;163871188
40206011;163871189
40206013;163871190
40206014;163871191
40206015;163871192
40206016;163871193
40206017;163871194
40206018;163871195
40206036;163871196
40206064;163871197
40206070;163871198
40206077;163960499
40206079;163960500
40206098;163960501
40206137;163960502
40206138;163960503
40206140;163960504
40206194;163960505
40206213;163960506
40206214;163960507
40206217;163960508
40206219;163960509
40206220;163960510
40206221;163960511
40206235;163960512
40206245;163960513
40206250;163960514
40206258;163960515
40206272;163960516
40206298;163960517
40206300;163960518
40206304;163960619
40206307;163960620
40206309;163960621
40206318;163960622
40206319;163960623
40206336;163960624
40206343;163960625
40206353;163960626
40206354;163960627
40206360;163960628
40206362;163960629
40206364;163960630
40206372;163960631
40206390;163960632
40206398;163960633
40206399;163960634
40206401;163960635
40206412;163960636
40206413;163960637
40206414;163960638
40206415;163960679
40206421;163960680
40206447;163960681
40206463;163960682
40206483;163960683
40206512;163960684
40206513;163960685
40206516;163960686
40206517;163960687
40206527;163960688
40206528;163960689
40206532;163960690
40206533;163960691
40206535;163960692
40206574;163960693
40206578;163960694
40206581;163960695
40206582;163960696
40206586;163960697
40206594;163960698
40206608;163960779
40206612;163960780
40206623;163960781
40206634;163960782
40206635;163960783
40206664;163960784
40206683;163960785
40206685;163960786
40206686;163960787
40206687;163960788
40206688;163960789
40206696;163960790
40206702;163960791
40206707;163960792
40206708;163960793
40206711;163960794
40206712;163960795
40206713;163960796
40206714;163960797
40206726;163960798
40206731;163960819
40206740;163960820
40206761;163960821
40206762;163960822
40206768;163960823
40206779;163960824
40206781;163960825
40206789;163960826
40206790;163960827
40206792;163960828
40206809;163960829
40206823;163960830
40206829;163960831
40206830;163960832
40206833;163960833
40206851;163960834
40206852;163960835
40206853;163960836
40206854;163960837
40206872;163960838
40206909;163960939
40206911;163960940
40206913;163960941
40206915;163960942
40206916;163960943
40206917;163960944
40206919;163960945
40206928;163960946
40206963;163960947
40206974;163960948
40206986;163960949
40207001;163960950
40207002;163960951
40207012;163960952
40207020;163960953
40207032;163960954
40207034;163960955
40207039;163960956
40207041;163960957
40207042;163960958
40207043;163961039
40207049;163961040
40207054;163961041
40207059;163961042
40207110;163961043
40207112;163961044
40207119;163961045
40207120;163961046
40207122;163961047
40207124;163961048
40207130;163961049
40207204;163961050
40207231;163961051
40207262;163961052
40207265;163961053
40207266;163961054
40207267;163961055
40207276;163961056
40207303;163961057
40207310;163961058
40207317;163961119
40207318;163961120
40207323;163961121
40207337;163961122
40207340;163961123
40207341;163961124
40207348;163961125
40207351;163961126
40207355;163961127
40207360;163961128
40207361;163961129
40207381;163961130
40207382;163961131
40207383;163961132
40207401;163961133
40207420;163961134
40207421;163961135
40207422;163961136
40207433;163961137
40207440;163961138
40207453;163961239
40207458;163961240
40207459;163961241
40207463;163961242
40207468;163961243
40207480;163961244
40207492;163961245
40207493;163961246
40207494;163961247
40207496;163961248
40207519;163961249
40207522;163961250
40207523;163961251
40207534;163961252
40207535;163961253
40207541;163961254
40207542;163961255
40207544;163961256
40207549;163961257
40207554;163961258
40207562;163961379
40207571;163961380
40207580;163961381
40207581;163961382
40207582;163961383
40207583;163961384
40207585;163961385
40207588;163961386
40207589;163961387
40207590;163961388
40207613;163961389
40207615;163961390
40207616;163961391
40207617;163961392
40207647;163961393
40207662;163961394
40207673;163961395
40207678;163961396
40207688;163961397
40207689;163961398
40207693;163961559
40207699;163961560
40207701;163961561
40207702;163961562
40207703;163961563
40207715;163961564
40207719;163961565
40207720;163961566
40207725;163961567
40207751;163961568
40207757;163961569
40207762;163961570
40207766;163961571
40207768;163961572
40207789;163961573
40207790;163961574
40207792;163961575
40207794;163961576
40207799;163961577
40207800;163961578
40207806;163961719
40207807;163961720
40207810;163961721
40207813;163961722
40207826;163961723
40207834;163961724
40207835;163961725
40207836;163961726
40207843;163961727
40207844;163961728
40207845;163961729
40207847;163961730
40207856;163961731
40207860;163961732
40207861;163961733
40207862;163961734
40207864;163961735
40207865;163961736
40207866;163961737
40207868;163961738
40207880;163961839
40207883;163961840
40207907;163961841
40207909;163961842
40207912;163961843
40207914;163961844
40207944;163961845
40207945;163961846
40207948;163961847
40207949;163961848
40207952;163961849
40207960;163961850
40207961;163961851
40207964;163961852
40207967;163961853
40207969;163961854
40207970;163961855
40207971;163961856
40207972;163961857
40207973;163961858
40207984;163962039
40207990;163962040
40207991;163962041
40207994;163962042
40207995;163962043
40207997;163962044
40207998;163962045
60019277;163874191
60019311;163874365
60019454;163962046