Id gerado; Numero do parcelamento
24016586;24512023
24016587;13932023
24016588;17782023
24016589;16152023
24016590;13662023
24016591;13672023
24016592;13692023
24016593;13702023
24016594;13722023
24016595;13762023
24016596;13992023
24016597;14042023
24016598;21142023
24016599;14232023
24016600;14452023
24016601;14522023
24016602;14582023
24016603;15622023
24016604;17842023
24016605;17832023
24016606;15512023
24016607;15722023
24016608;15982023
24016609;16052023
24016610;16162023
24016611;16322023
24016612;23752023
24016613;16622023
24016614;16942023
24016615;16992023
24016616;17102023
24016617;17162023
24016618;21812023
24016619;17412023
24016620;17452023
24016621;17462023
24016622;17682023
24016623;17922023
24016624;21182023
24016625;18172023
24016626;18242023
24016627;18262023
24016628;18362023
24016629;18372023
24016630;18582023
24016631;18652023
24016632;18662023
24016633;18672023
24016634;18682023
24016635;18692023
24016636;18772023
24016637;19332023
24016638;19382023
24016639;20962023
24016640;19762023
24016641;19822023
24016642;24172023
24016643;24192023
24016644;22442023
24016645;20302023
24016646;20412023
24016647;20422023
24016648;20432023
24016649;20442023
24016650;20452023
24016651;20462023
24016652;20472023
24016653;20482023
24016654;20542023
24016655;24132023
24016656;23762023
24016657;21002023
24016658;22722023
24016659;21342023
24016660;21402023
24016661;21472023
24016662;21682023
24016663;23042023
24016664;22042023
24016665;22302023
24016666;22352023
24016667;22362023
24016668;22502023
24016669;22572023
24016670;22582023
24016671;22612023
24016672;22622023
24016673;22632023
24016674;22752023
24016675;22762023
24016676;22782023
24016677;22862023
24016678;22902023
24016679;22912023
24016680;23052023
24016681;23092023
24016682;24832023
24016683;24282023
24016684;23152023
24016685;23162023
24016686;23172023
24016687;23212023
24016688;24632023
24016689;24642023
24016690;23352023
24016691;23362023
24016692;23492023
24016693;23772023
24016694;23782023
24016695;23842023
24016696;23922023
24016697;23932023
24016698;24812023
24016699;23982023
24016700;24042023
24016701;24162023
24016702;24202023
24016703;24222023
24016704;24232023
24016705;24252023
24016706;24322023
24016707;24332023
24016708;24362023
24016709;24422023
24016710;24432023
24016711;24452023
24016712;24462023
24016713;24492023
24016714;24592023
24016715;24682023
24016716;24702023
24016717;24712023
24016718;24722023
24016719;24732023
24016720;24742023
24016721;24752023
24016722;24762023
24016723;24772023
24016724;24802023
24016725;24872023
24016726;24882023
24016727;24902023
24016728;24912023
24016729;24932023
24016730;24972023
24016731;24992023
24016732;25002023
24016733;25012023
24016734;25032023
24016735;25042023
24016736;25052023
24016737;25062023
24016738;25072023
24016739;25102023